family;domain;pred;prob_dga;detected
gen2k26ver1;cherokee-whatever-player.net;1;0.999979;True
gen2k26ver1;agant-wishing-shots.com;1;0.999978;True
gen2k26ver1;issn-cavendi-midwest.ai;0;0.000109;False
gen2k26ver1;rainbow-four-magistro.net;1;0.999959;True
gen2k26ver1;zshops-mentem-using.inter;1;0.999979;True
gen2k26ver1;mystery-wave-podcasts.ai;0;0.000025;False
gen2k26ver1;stamp-deal-somewhat.ai;1;0.999978;True
gen2k26ver1;wind-though-hobbies.ai;1;0.999979;True
gen2k26ver1;plains-fotos-interact.inter;1;0.986468;True
gen2k26ver1;fitted-mystery-tribes.inter;1;0.999955;True
gen2k26ver1;groove-fallen-complex.com;1;0.999979;True
gen2k26ver1;layout-volvo-airport.inter;1;0.999512;True
gen2k26ver1;highs-rehab-gasoline.ai;1;0.528579;True
gen2k26ver1;business-grain-lyric.inter;1;0.999977;True
gen2k26ver1;univ-headers-gratis.ai;0;0.017045;False
gen2k26ver1;handed-feet-ness.inter;1;0.999979;True
gen2k26ver1;hats-touched-dose.net;1;0.999979;True
gen2k26ver1;cottages-dietary-erectam.net;1;0.999979;True
gen2k26ver1;broad-costa-designed.org;1;0.999976;True
gen2k26ver1;loop-remember-wires.com;1;0.999979;True
gen2k26ver1;regard-handbook-truck.com;1;0.999979;True
gen2k26ver1;five-package-boat.net;1;0.999979;True
gen2k26ver1;wanna-evaluate-retained.inter;1;0.999979;True
gen2k26ver1;joel-hometown-studeant.inter;1;0.999869;True
gen2k26ver1;smoke-tale-beyond.org;1;0.999979;True
gen2k26ver1;geneva-centies-evident.org;1;0.975202;True
gen2k26ver1;issn-surface-waste.ai;1;0.506103;True
gen2k26ver1;tracy-apple-equity.ai;0;0.000174;False
gen2k26ver1;funky-tent-trauma.org;1;0.999520;True
gen2k26ver1;adopted-serve-recorder.net;1;0.999979;True
gen2k26ver1;ship-rice-gray.org;1;0.999979;True
gen2k26ver1;lyrics-sally-coupon.net;1;0.999979;True
gen2k26ver1;museum-owen-winston.org;0;0.000088;False
gen2k26ver1;green-topic-greene.net;1;0.999979;True
gen2k26ver1;tissue-turns-impress.net;1;0.999979;True
gen2k26ver1;playlist-nfoulilp-harmonie.org;0;0.000883;False
gen2k26ver1;even-daddy-remissio.org;0;0.002935;False
gen2k26ver1;phantom-highway-anxiety.ai;0;0.000028;False
gen2k26ver1;animas-deer-wants.com;1;0.999952;True
gen2k26ver1;energy-history-overhead.ai;1;0.999962;True
gen2k26ver1;spas-former-standard.net;1;0.999979;True
gen2k26ver1;grid-invite-publicly.ai;1;0.999972;True
gen2k26ver1;tray-mill-fruit.org;1;0.999979;True
gen2k26ver1;elegant-keep-destroy.ai;1;0.999979;True
gen2k26ver1;referral-fitness-hottest.net;0;0.000249;False
gen2k26ver1;weiler-whats-organize.ai;0;0.012241;False
gen2k26ver1;dolls-north-projects.net;0;0.003273;False
gen2k26ver1;void-melior-daily.org;1;0.999974;True
gen2k26ver1;russian-milan-within.ai;0;0.000055;False
gen2k26ver1;disclose-handled-both.org;1;0.999979;True
gen2k26ver1;oakland-luther-launches.org;0;0.055618;False
gen2k26ver1;polo-carry-nudity.inter;1;0.999977;True
gen2k26ver1;covered-weighted-spread.ai;1;0.999979;True
gen2k26ver1;mitchell-nike-observed.net;1;0.999979;True
gen2k26ver1;meant-cheyanne-omnes.org;1;0.999976;True
gen2k26ver1;direct-motorola-casus.ai;0;0.000036;False
gen2k26ver1;dutch-fruits-observed.ai;1;0.960952;True
gen2k26ver1;likr-thee-dicitur.org;1;0.998901;True
gen2k26ver1;tions-nude-vicario.org;0;0.000213;False
gen2k26ver1;wrist-needle-emotion.net;1;0.999979;True
gen2k26ver1;mount-glen-evans.org;1;0.999821;True
gen2k26ver1;orlando-strategy-wake.org;1;0.533230;True
gen2k26ver1;party-rating-symbol.ai;1;0.999245;True
gen2k26ver1;stupid-seeker-filename.inter;1;0.999979;True
gen2k26ver1;consult-fairly-liberior.net;1;0.999978;True
gen2k26ver1;partner-fisting-idaho.net;0;0.005957;False
gen2k26ver1;powerful-kurt-failure.net;1;0.999979;True
gen2k26ver1;express-hampton-quest.net;1;0.999183;True
gen2k26ver1;gmbh-package-gerald.net;1;0.982557;True
gen2k26ver1;centum-fulminat-mass.ai;0;0.000062;False
gen2k26ver1;katheryn-libera-ranges.com;1;0.999596;True
gen2k26ver1;depot-toll-inde.ai;0;0.000085;False
gen2k26ver1;roster-tasks-sure.inter;1;0.999979;True
gen2k26ver1;records-corner-monitor.ai;1;0.999979;True
gen2k26ver1;monsters-pipe-virorum.net;1;0.999979;True
gen2k26ver1;mild-slim-gamecube.ai;0;0.000985;False
gen2k26ver1;tamil-prisoner-scan.org;0;0.069289;False
gen2k26ver1;genius-voip-animas.ai;0;0.000213;False
gen2k26ver1;guns-qualify-istum.inter;1;0.999976;True
gen2k26ver1;abroad-plumbing-equale.com;0;0.000636;False
gen2k26ver1;operibus-sims-weights.com;1;0.999979;True
gen2k26ver1;million-tons-hammer.net;1;0.999979;True
gen2k26ver1;failures-iana-reducing.net;1;0.990732;True
gen2k26ver1;illas-displays-interact.ai;0;0.000035;False
gen2k26ver1;fixtures-lasting-upgrade.inter;1;0.999979;True
gen2k26ver1;species-hardwood-quanto.inter;1;0.999755;True
gen2k26ver1;mayor-reliance-overseas.com;0;0.000147;False
gen2k26ver1;reddent-piano-urge.org;1;0.999402;True
gen2k26ver1;jokes-sheer-iowa.ai;1;0.999979;True
gen2k26ver1;missouri-valeant-harry.com;1;0.999596;True
gen2k26ver1;machine-premium-means.com;1;0.999979;True
gen2k26ver1;came-edges-zone.ai;1;0.978052;True
gen2k26ver1;rainbow-kodak-gender.com;1;0.884039;True
gen2k26ver1;size-panic-toilet.com;1;0.999979;True
gen2k26ver1;redhead-aside-pillow.com;1;0.999979;True
gen2k26ver1;suits-sandy-salon.ai;1;0.999975;True
gen2k26ver1;sheenagh-relating-lone.ai;1;0.999979;True
gen2k26ver1;turned-pleased-edmonton.inter;1;0.999979;True
gen2k26ver1;lebanon-thong-even.net;1;0.999979;True
gen2k26ver1;delhi-about-formed.net;1;0.999787;True
gen2k26ver1;posset-everyone-towel.org;1;0.999821;True
gen2k26ver1;vintage-illas-easily.net;1;0.999979;True
gen2k26ver1;vector-listen-involve.net;1;0.999979;True
gen2k26ver1;lycos-geneva-crucial.com;0;0.000127;False
gen2k26ver1;fusion-harold-signing.inter;1;0.999979;True
gen2k26ver1;scanner-speeches-wright.inter;1;0.999979;True
gen2k26ver1;webpage-glenn-states.com;0;0.000363;False
gen2k26ver1;olympic-modes-affero.com;0;0.000044;False
gen2k26ver1;setup-obtained-metro.org;1;0.999979;True
gen2k26ver1;skiing-scoring-seen.org;1;0.999979;True
gen2k26ver1;reader-fires-strong.com;1;0.999979;True
gen2k26ver1;diana-shepherd-meets.net;1;0.999957;True
gen2k26ver1;familiar-missile-mapping.org;1;0.996972;True
gen2k26ver1;walt-merging-organic.com;1;0.999979;True
gen2k26ver1;herself-quality-talem.org;1;0.999979;True
gen2k26ver1;tatyanna-sine-porter.org;1;0.986151;True
gen2k26ver1;increase-olympus-threat.net;1;0.994358;True
gen2k26ver1;protect-sarah-surfaces.org;0;0.001868;False
gen2k26ver1;facility-linking-varying.inter;1;0.999979;True
gen2k26ver1;slovenia-queens-imply.org;0;0.031499;False
gen2k26ver1;rfcs-priced-files.ai;1;0.999979;True
gen2k26ver1;idol-gotten-alleging.inter;1;0.999979;True
gen2k26ver1;still-password-brown.inter;1;0.999979;True
gen2k26ver1;corners-abundent-rankings.net;1;0.999979;True
gen2k26ver1;murray-karl-silver.inter;0;0.000626;False
gen2k26ver1;hope-trace-endless.org;1;0.999979;True
gen2k26ver1;summam-ceteris-till.org;0;0.004610;False
gen2k26ver1;tattoo-daisy-routines.com;0;0.000144;False
gen2k26ver1;info-trying-simpson.ai;1;0.948155;True
gen2k26ver1;securely-noted-sites.inter;1;0.999976;True
gen2k26ver1;studio-cookbook-font.net;0;0.000417;False
gen2k26ver1;pause-specs-leader.net;1;0.999979;True
gen2k26ver1;pension-google-targets.com;0;0.000121;False
gen2k26ver1;weight-prorsus-packing.net;1;0.999979;True
gen2k26ver1;ruby-cloud-reaching.org;1;0.999977;True
gen2k26ver1;girl-five-salaries.inter;1;0.999979;True
gen2k26ver1;spanking-creates-delay.com;1;0.999979;True
gen2k26ver1;fund-smallest-decretis.ai;1;0.505249;True
gen2k26ver1;each-munich-provided.net;1;0.999979;True
gen2k26ver1;gratias-hurry-ranking.ai;0;0.016785;False
gen2k26ver1;easy-planes-merger.com;1;0.919643;True
gen2k26ver1;mill-dakota-kevin.ai;0;0.000197;False
gen2k26ver1;couples-verbis-crack.net;0;0.000242;False
gen2k26ver1;mars-vendicat-secum.com;1;0.999364;True
gen2k26ver1;skiing-malaysia-supplies.ai;0;0.000060;False
gen2k26ver1;voice-ward-delta.org;1;0.999979;True
gen2k26ver1;medieval-daily-werke.net;1;0.999978;True
gen2k26ver1;games-neither-authors.org;1;0.999979;True
gen2k26ver1;lodging-explorer-losses.org;1;0.999969;True
gen2k26ver1;leather-midnight-wave.com;1;0.999979;True
gen2k26ver1;there-differed-higher.net;1;0.999978;True
gen2k26ver1;joel-twins-univ.ai;0;0.000064;False
gen2k26ver1;eastern-core-trauma.ai;0;0.001839;False
gen2k26ver1;none-dean-moving.com;1;0.999979;True
gen2k26ver1;wagner-viking-motorola.inter;1;0.999834;True
gen2k26ver1;wishes-sticky-damaged.com;1;0.999979;True
gen2k26ver1;monaco-donated-earned.net;1;0.999979;True
gen2k26ver1;want-expose-redimere.ai;1;0.924688;True
gen2k26ver1;peoples-parental-removed.ai;1;0.999979;True
gen2k26ver1;ordering-epinions-gains.inter;1;0.999979;True
gen2k26ver1;unto-shorts-oxford.ai;0;0.256832;False
gen2k26ver1;tragedy-madonna-flux.inter;1;0.999979;True
gen2k26ver1;mile-titten-travels.com;0;0.067547;False
gen2k26ver1;mills-trips-trainers.inter;1;0.999979;True
gen2k26ver1;observed-afraid-defenses.inter;1;0.999979;True
gen2k26ver1;sydney-msie-priority.ai;0;0.000305;False
gen2k26ver1;dates-files-stan.inter;1;0.999979;True
gen2k26ver1;present-goals-guests.org;1;0.999979;True
gen2k26ver1;alcohol-tricks-bound.inter;1;0.999979;True
gen2k26ver1;except-clarum-redhead.com;1;0.999979;True
gen2k26ver1;fibre-arte-larson.inter;0;0.000451;False
gen2k26ver1;hand-chip-premises.inter;1;0.999979;True
gen2k26ver1;sanitas-partem-exclude.com;1;0.999976;True
gen2k26ver1;throwing-rage-unam.net;1;0.999979;True
gen2k26ver1;postcard-chart-ways.com;1;0.999959;True
gen2k26ver1;leasing-shared-metres.net;1;0.999979;True
gen2k26ver1;broke-reports-safe.net;1;0.999979;True
gen2k26ver1;darkness-monte-speed.org;1;0.965119;True
gen2k26ver1;strict-snow-york.net;1;0.999979;True
gen2k26ver1;scotia-dealt-market.org;0;0.000767;False
gen2k26ver1;coram-martial-entering.com;1;0.999978;True
gen2k26ver1;queue-canonice-progress.net;1;0.999979;True
gen2k26ver1;playlist-pursuant-pattern.com;1;0.999978;True
gen2k26ver1;state-tune-jersey.ai;1;0.999979;True
gen2k26ver1;oscar-catherin-public.net;1;0.999976;True
gen2k26ver1;shipping-zero-kind.inter;1;0.999979;True
gen2k26ver1;comes-gather-mistress.org;1;0.999979;True
gen2k26ver1;sweden-stages-seemed.org;1;0.999971;True
gen2k26ver1;poison-pakistan-nobody.ai;0;0.000109;False
gen2k26ver1;pena-waive-wiki.org;0;0.000287;False
gen2k26ver1;friday-place-thread.ai;1;0.998073;True
gen2k26ver1;glad-series-mistress.ai;0;0.107437;False
gen2k26ver1;abstract-laughter-moments.com;1;0.999955;True
gen2k26ver1;counter-entries-wishing.com;1;0.988492;True
gen2k26ver1;divided-economic-proposed.org;1;0.999979;True
gen2k26ver1;maximas-wales-fabric.com;0;0.000191;False
gen2k26ver1;gardens-egypt-lanes.ai;0;0.000869;False
gen2k26ver1;morning-consumer-milk.com;1;0.999977;True
gen2k26ver1;outside-palace-thursday.com;1;0.947381;True
gen2k26ver1;faculty-tissue-graphics.ai;0;0.008125;False
gen2k26ver1;settings-igitur-silent.com;1;0.999979;True
gen2k26ver1;regards-implies-heights.inter;1;0.999979;True
gen2k26ver1;usque-dial-among.com;1;0.999979;True
gen2k26ver1;pointed-ullis-slovenia.com;1;0.999979;True
gen2k26ver1;canonum-kingsley-handling.com;1;0.998161;True
gen2k26ver1;argument-mods-seas.org;1;0.996085;True
gen2k26ver1;mean-alone-heath.inter;1;0.999978;True
gen2k26ver1;hardwood-fare-prairie.ai;0;0.000544;False
gen2k26ver1;facing-dividend-minolta.ai;1;0.999962;True
gen2k26ver1;sunset-hanging-cutting.org;1;0.999979;True
gen2k26ver1;goods-band-nancy.com;1;0.999979;True
gen2k26ver1;reviewed-dual-starts.net;1;0.999979;True
gen2k26ver1;magnum-unfair-king.ai;0;0.000335;False
gen2k26ver1;settings-opened-longer.org;1;0.999979;True
gen2k26ver1;screens-modes-proper.com;1;0.999979;True
gen2k26ver1;resolver-digest-univ.org;1;0.995993;True
gen2k26ver1;session-window-cyber.ai;0;0.000451;False
gen2k26ver1;errant-showers-remedies.org;1;0.982955;True
gen2k26ver1;picked-coat-roses.com;1;0.999979;True
gen2k26ver1;elite-discrete-heart.com;1;0.999979;True
gen2k26ver1;helen-wedge-cooler.net;1;0.999777;True
gen2k26ver1;bath-weak-proteins.net;1;0.999979;True
gen2k26ver1;looked-buyer-penguin.inter;1;0.999979;True
gen2k26ver1;orbiter-rapid-trinity.com;1;0.999979;True
gen2k26ver1;devon-saudi-quebec.ai;1;0.903294;True
gen2k26ver1;pets-trustees-evident.inter;1;0.999979;True
gen2k26ver1;behave-subaru-settings.inter;1;0.999913;True
gen2k26ver1;muscle-doctors-tapes.net;1;0.999943;True
gen2k26ver1;hybrid-progress-credunt.inter;1;0.999979;True
gen2k26ver1;guards-orare-forgot.org;1;0.999964;True
gen2k26ver1;dust-moisture-reject.net;1;0.999979;True
gen2k26ver1;diffs-edwards-ridendos.com;1;0.999979;True
gen2k26ver1;sermones-kinase-unwrap.ai;0;0.482673;False
gen2k26ver1;fleece-systems-receptor.net;1;0.998918;True
gen2k26ver1;variable-qatar-relax.inter;1;0.999979;True
gen2k26ver1;meyer-sound-identify.com;1;0.999979;True
gen2k26ver1;duke-body-sharon.inter;1;0.996205;True
gen2k26ver1;editing-hobby-secundum.org;0;0.038035;False
gen2k26ver1;racks-smith-leather.inter;1;0.999979;True
gen2k26ver1;refer-cotton-retired.inter;1;0.999979;True
gen2k26ver1;severe-gonna-greg.org;1;0.999978;True
gen2k26ver1;lexmark-seats-shoe.org;1;0.999968;True
gen2k26ver1;actual-region-amethyst.com;1;0.999956;True
gen2k26ver1;davidson-incoming-weapons.ai;0;0.000163;False
gen2k26ver1;hygiene-referred-ears.ai;1;0.999979;True
gen2k26ver1;ship-lotus-periods.com;1;0.999979;True
gen2k26ver1;signal-workshop-sudden.ai;1;0.996623;True
gen2k26ver1;pork-seating-fort.org;0;0.020177;False
gen2k26ver1;retailer-munich-remind.ai;0;0.024516;False
gen2k26ver1;number-herald-integral.inter;1;0.999979;True
gen2k26ver1;monte-stands-neural.ai;1;0.987472;True
gen2k26ver1;dial-initial-fuck.com;1;0.999979;True
gen2k26ver1;wrap-leaving-harvey.inter;1;0.999979;True
gen2k26ver1;soccer-webcam-decline.com;1;0.980876;True
gen2k26ver1;tennyson-order-forums.ai;0;0.000138;False
gen2k26ver1;peeing-entrance-bodies.ai;1;0.984094;True
gen2k26ver1;struggle-thread-relevant.com;1;0.999979;True
gen2k26ver1;goodbye-advised-gloves.net;1;0.999957;True
gen2k26ver1;homeland-sister-fitting.ai;1;0.999649;True
gen2k26ver1;google-collar-hygiene.ai;0;0.004102;False
gen2k26ver1;enquiry-emacs-tough.org;1;0.999974;True
gen2k26ver1;sony-mister-suarum.com;1;0.999972;True
gen2k26ver1;confirm-huxmiax-nova.inter;1;0.999979;True
gen2k26ver1;vixie-measures-jermaine.net;1;0.999979;True
gen2k26ver1;islands-ctrl-skills.inter;1;0.999974;True
gen2k26ver1;process-tragedy-sorry.net;1;0.999979;True
gen2k26ver1;credunt-think-stuffed.org;1;0.999979;True
gen2k26ver1;bradford-logging-painted.com;1;0.999965;True
gen2k26ver1;sell-effected-trees.com;1;0.999979;True
gen2k26ver1;certain-client-trips.net;1;0.999979;True
gen2k26ver1;four-product-comment.net;1;0.999979;True
gen2k26ver1;nikon-crops-tokyo.org;0;0.000123;False
gen2k26ver1;wins-rice-opponent.ai;1;0.999979;True
gen2k26ver1;weighted-meals-easier.com;1;0.999979;True
gen2k26ver1;tough-meant-officers.com;1;0.999979;True
gen2k26ver1;goat-guide-deviant.ai;1;0.999957;True
gen2k26ver1;dicere-grew-excerpt.com;1;0.999979;True
gen2k26ver1;ford-sticky-persons.com;0;0.006004;False
gen2k26ver1;mining-course-build.net;1;0.999979;True
gen2k26ver1;fish-prior-teachers.net;1;0.999979;True
gen2k26ver1;angle-forward-focus.org;1;0.999979;True
gen2k26ver1;engaged-exotic-curve.net;1;0.999979;True
gen2k26ver1;prep-fifteen-rules.inter;1;0.999978;True
gen2k26ver1;timorem-jewish-elegant.com;0;0.006590;False
gen2k26ver1;heritage-delhi-proof.org;1;0.999818;True
gen2k26ver1;suggest-minutes-palace.inter;1;0.999979;True
gen2k26ver1;equipped-highs-unusual.net;1;0.999979;True
gen2k26ver1;crassis-import-chest.org;1;0.994180;True
gen2k26ver1;skills-meaning-europe.org;1;0.999957;True
gen2k26ver1;travis-rouge-failure.ai;0;0.000667;False
gen2k26ver1;mozilla-liberty-satin.net;0;0.000245;False
gen2k26ver1;emperor-retailer-book.ai;0;0.000026;False
gen2k26ver1;unix-shepherd-topic.org;0;0.003099;False
gen2k26ver1;modo-water-demo.inter;1;0.999975;True
gen2k26ver1;varied-seen-grave.inter;1;0.999979;True
gen2k26ver1;zoom-keyboard-mercury.net;1;0.999979;True
gen2k26ver1;locator-rangers-vicario.org;0;0.245085;False
gen2k26ver1;between-updating-univ.net;1;0.997584;True
gen2k26ver1;rocket-mother-usage.ai;1;0.999979;True
gen2k26ver1;eyed-daddy-preston.org;0;0.000588;False
gen2k26ver1;thing-housing-deaf.net;1;0.999979;True
gen2k26ver1;hotels-dakota-paint.org;0;0.000174;False
gen2k26ver1;cost-derby-fires.org;1;0.999937;True
gen2k26ver1;fidelium-probable-triangle.inter;1;0.999950;True
gen2k26ver1;expenses-mapping-sheets.org;0;0.082402;False
gen2k26ver1;hebrew-retrieve-looks.org;1;0.999975;True
gen2k26ver1;usage-namely-augende.inter;1;0.999979;True
gen2k26ver1;wheels-hunting-here.ai;0;0.000111;False
gen2k26ver1;wise-harvest-matthew.inter;1;0.999979;True
gen2k26ver1;store-reveal-retired.org;1;0.999979;True
gen2k26ver1;tiger-permits-poker.ai;1;0.998377;True
gen2k26ver1;land-highs-arpa.com;1;0.995768;True
gen2k26ver1;delay-script-stickers.inter;1;0.999979;True
gen2k26ver1;insect-flags-morituri.ai;0;0.000380;False
gen2k26ver1;fabrics-release-muze.ai;1;0.999959;True
gen2k26ver1;monday-hawk-threat.net;1;0.999979;True
gen2k26ver1;paxil-sweet-precepta.org;1;0.999934;True
gen2k26ver1;pecuniis-makeup-orange.org;1;0.999131;True
gen2k26ver1;silicon-cutting-novel.inter;1;0.999979;True
gen2k26ver1;thumbs-found-tribute.inter;1;0.999979;True
gen2k26ver1;dixit-times-third.com;1;0.999979;True
gen2k26ver1;taken-sick-ladies.inter;1;0.999979;True
gen2k26ver1;grammar-depth-practice.ai;0;0.031262;False
gen2k26ver1;norton-courses-gzip.inter;1;0.999976;True
gen2k26ver1;echo-timorem-estonia.inter;1;0.967656;True
gen2k26ver1;starter-drawings-whore.net;1;0.999144;True
gen2k26ver1;meter-lexmark-facile.ai;0;0.008316;False
gen2k26ver1;trauma-midlands-solomon.inter;1;0.999979;True
gen2k26ver1;holly-reddent-weeks.org;0;0.006145;False
gen2k26ver1;send-solar-opinions.com;1;0.999979;True
gen2k26ver1;tool-darwin-singles.net;1;0.999979;True
gen2k26ver1;louise-stack-junior.inter;1;0.999979;True
gen2k26ver1;refuse-fairly-syntax.org;1;0.999979;True
gen2k26ver1;prisoner-fiducia-tits.com;0;0.133868;False
gen2k26ver1;purse-forty-freedoms.net;0;0.012241;False
gen2k26ver1;denmark-eleven-dont.inter;1;0.997731;True
gen2k26ver1;kent-rico-pine.com;0;0.000077;False
gen2k26ver1;denver-vitamins-ranks.ai;0;0.000088;False
gen2k26ver1;emails-risks-redhead.net;1;0.999979;True
gen2k26ver1;qatar-saturday-cassarah.net;1;0.999978;True
gen2k26ver1;katie-passion-detailed.inter;1;0.999790;True
gen2k26ver1;teachers-call-solaris.org;1;0.999015;True
gen2k26ver1;mild-howto-enforce.com;0;0.003795;False
gen2k26ver1;severino-specific-field.ai;1;0.999979;True
gen2k26ver1;signup-solid-trained.ai;1;0.999979;True
gen2k26ver1;dean-vocals-treating.com;1;0.999965;True
gen2k26ver1;eyed-warnings-maybe.com;1;0.999979;True
gen2k26ver1;disclose-frost-poet.org;1;0.999978;True
gen2k26ver1;peaceful-shoppers-division.ai;0;0.000203;False
gen2k26ver1;phys-sept-somebody.net;1;0.999979;True
gen2k26ver1;average-massage-sick.com;1;0.999979;True
gen2k26ver1;average-revised-ships.org;1;0.999978;True
gen2k26ver1;crisis-heater-cistam.ai;0;0.003377;False
gen2k26ver1;previous-monte-shirts.inter;1;0.983085;True
gen2k26ver1;receptor-ebooks-traveler.com;1;0.997177;True
gen2k26ver1;postal-receives-always.ai;1;0.998161;True
gen2k26ver1;mixed-lead-dirty.com;1;0.999979;True
gen2k26ver1;flower-talked-lower.ai;1;0.999979;True
gen2k26ver1;border-pins-islands.com;0;0.000174;False
gen2k26ver1;western-sara-tattoo.org;0;0.010653;False
gen2k26ver1;learn-hence-stephen.net;1;0.999978;True
gen2k26ver1;journals-upload-guilty.ai;0;0.047074;False
gen2k26ver1;places-imponi-printers.net;1;0.999961;True
gen2k26ver1;maximas-handling-wells.ai;1;0.999978;True
gen2k26ver1;custom-operated-basilice.net;1;0.999979;True
gen2k26ver1;park-obtained-nowhere.com;1;0.999979;True
gen2k26ver1;maximas-efnomosk-ethnic.com;1;0.999862;True
gen2k26ver1;itself-hostels-tribunal.ai;0;0.000090;False
gen2k26ver1;fingers-suggests-faciunt.inter;1;0.999979;True
gen2k26ver1;library-action-finland.com;1;0.999979;True
gen2k26ver1;displays-urban-germany.org;0;0.135690;False
gen2k26ver1;thunder-need-habits.ai;1;0.987759;True
gen2k26ver1;tone-itself-motors.com;1;0.999979;True
gen2k26ver1;ranking-hugo-gate.inter;1;0.999945;True
gen2k26ver1;solar-gang-error.ai;1;0.999978;True
gen2k26ver1;thus-martial-manner.net;1;0.999978;True
gen2k26ver1;painted-dominus-italian.ai;0;0.000073;False
gen2k26ver1;unicode-recall-trace.com;1;0.999979;True
gen2k26ver1;politics-factors-rosa.inter;1;0.994225;True
gen2k26ver1;supply-guards-until.inter;1;0.999979;True
gen2k26ver1;affirms-peru-sept.inter;1;0.999978;True
gen2k26ver1;unicode-credit-contract.ai;0;0.000180;False
gen2k26ver1;position-mike-simply.com;1;0.986258;True
gen2k26ver1;fence-reliable-tribune.net;1;0.999979;True
gen2k26ver1;valves-creature-evaluate.net;1;0.999979;True
gen2k26ver1;spend-immo-plugins.ai;1;0.999962;True
gen2k26ver1;medicine-lone-divorce.inter;1;0.999979;True
gen2k26ver1;whats-trail-steve.com;1;0.998273;True
gen2k26ver1;wallet-bunch-vanilla.org;1;0.999979;True
gen2k26ver1;decade-augende-maiorem.inter;0;0.491883;False
gen2k26ver1;safely-genre-dubai.inter;1;0.999979;True
gen2k26ver1;pulling-resorts-plays.ai;1;0.999977;True
gen2k26ver1;victoria-realtors-hilton.net;1;0.979511;True
gen2k26ver1;wines-credunt-levels.com;1;0.999979;True
gen2k26ver1;adult-supposed-avoid.com;1;0.999979;True
gen2k26ver1;latin-triple-regime.inter;1;0.999975;True
gen2k26ver1;figures-system-stones.ai;1;0.999959;True
gen2k26ver1;petition-quit-reload.org;1;0.999979;True
gen2k26ver1;stating-whilst-hobbies.inter;1;0.999979;True
gen2k26ver1;wagon-verus-ricky.inter;1;0.999979;True
gen2k26ver1;remain-indocte-postage.ai;1;0.999927;True
gen2k26ver1;healing-maine-dominant.com;0;0.050331;False
gen2k26ver1;narten-sporting-news.com;0;0.000044;False
gen2k26ver1;wedge-settings-smallest.org;1;0.999979;True
gen2k26ver1;less-pose-oral.net;1;0.999979;True
gen2k26ver1;vult-logical-stroke.org;1;0.999976;True
gen2k26ver1;talk-specials-rapidly.net;1;0.999978;True
gen2k26ver1;univ-feeling-required.com;1;0.999979;True
gen2k26ver1;coupled-wireless-seeds.org;0;0.000417;False
gen2k26ver1;dell-treated-mills.com;1;0.999967;True
gen2k26ver1;large-absentes-lesson.com;1;0.999979;True
gen2k26ver1;utility-talent-nano.ai;0;0.000636;False
gen2k26ver1;probably-postel-note.org;1;0.999979;True
gen2k26ver1;framed-divide-gods.net;1;0.999979;True
gen2k26ver1;mutuans-hamburg-equal.net;1;0.999965;True
gen2k26ver1;singer-errors-salaries.com;1;0.999979;True
gen2k26ver1;endorsed-outlet-tomvader.com;1;0.999793;True
gen2k26ver1;diseases-defence-glasses.ai;0;0.001755;False
gen2k26ver1;remote-beside-style.ai;1;0.999979;True
gen2k26ver1;richards-poster-store.com;1;0.985271;True
gen2k26ver1;parochia-forever-cube.net;1;0.999955;True
gen2k26ver1;deaf-program-math.inter;1;0.999911;True
gen2k26ver1;solution-employ-freely.ai;1;0.998918;True
gen2k26ver1;essays-suzuki-impio.inter;0;0.005140;False
gen2k26ver1;mongolia-tragedy-erik.net;0;0.001897;False
gen2k26ver1;delete-pour-lines.ai;1;0.999961;True
gen2k26ver1;normal-greene-travels.org;0;0.000025;False
gen2k26ver1;hope-pursuit-harold.net;1;0.999979;True
gen2k26ver1;entry-patience-solo.ai;1;0.989592;True
gen2k26ver1;plains-nullam-jack.net;1;0.999979;True
gen2k26ver1;holly-mins-zope.com;0;0.014729;False
gen2k26ver1;mozilla-passes-sample.ai;0;0.001573;False
gen2k26ver1;flow-chance-govern.com;1;0.999979;True
gen2k26ver1;toll-fingers-wish.org;1;0.999957;True
gen2k26ver1;mask-intranet-shaniqua.ai;0;0.000177;False
gen2k26ver1;capable-fake-mustang.ai;1;0.999965;True
gen2k26ver1;added-tatianna-prices.inter;1;0.999979;True
gen2k26ver1;moore-mods-orbit.org;0;0.000291;False
gen2k26ver1;stated-lift-ecuador.inter;1;0.999979;True
gen2k26ver1;taxation-kill-after.ai;1;0.999945;True
gen2k26ver1;neural-german-ohta.ai;0;0.000073;False
gen2k26ver1;tutorial-questum-practice.net;1;0.999976;True
gen2k26ver1;talk-forced-subtle.net;1;0.999979;True
gen2k26ver1;grammar-square-veniis.inter;1;0.989098;True
gen2k26ver1;vast-opera-firewire.org;1;0.999938;True
gen2k26ver1;suites-throws-particle.inter;1;0.999979;True
gen2k26ver1;direct-food-modular.net;1;0.999978;True
gen2k26ver1;chain-lounge-safe.org;1;0.999978;True
gen2k26ver1;ghana-shades-says.org;0;0.000245;False
gen2k26ver1;sponsor-hart-whether.com;1;0.999979;True
gen2k26ver1;state-gauge-kijiji.net;1;0.999979;True
gen2k26ver1;noise-hottest-habits.inter;1;0.999979;True
gen2k26ver1;below-received-lord.net;1;0.999978;True
gen2k26ver1;eating-masters-pdas.net;1;0.999978;True
gen2k26ver1;sources-keen-ency.ai;1;0.999979;True
gen2k26ver1;dinner-karl-century.com;1;0.999979;True
gen2k26ver1;face-pick-partner.org;1;0.999979;True
gen2k26ver1;period-harmonie-purchase.ai;0;0.000305;False
gen2k26ver1;students-bike-cottage.inter;1;0.999699;True
gen2k26ver1;quis-suck-thermal.inter;1;0.999979;True
gen2k26ver1;defend-seattle-brunner.com;1;0.999971;True
gen2k26ver1;naked-shapes-rally.org;0;0.057705;False
gen2k26ver1;uranus-samba-monsters.inter;1;0.999952;True
gen2k26ver1;mice-iana-pipes.ai;0;0.000048;False
gen2k26ver1;yeah-paste-pilot.inter;1;0.999979;True
gen2k26ver1;relating-deluxe-desktop.org;1;0.999974;True
gen2k26ver1;emacs-loans-secure.ai;0;0.000544;False
gen2k26ver1;expert-dense-deaf.ai;1;0.999979;True
gen2k26ver1;html-stopping-dome.com;1;0.999972;True
gen2k26ver1;anyone-detect-safest.org;1;0.999979;True
gen2k26ver1;table-shorter-problem.net;1;0.999979;True
gen2k26ver1;precise-bradner-example.com;1;0.999979;True
gen2k26ver1;motion-lemon-conveyed.ai;0;0.001065;False
gen2k26ver1;tiger-galileo-obtain.inter;1;0.999979;True
gen2k26ver1;belt-double-inkjet.org;1;0.999979;True
gen2k26ver1;lrstn-samoa-immune.inter;1;0.987375;True
gen2k26ver1;wifi-piece-hiesu.org;1;0.999979;True
gen2k26ver1;started-crucial-field.net;1;0.999979;True
gen2k26ver1;fountain-laugh-dividend.org;1;0.999787;True
gen2k26ver1;memphis-hash-further.inter;1;0.999978;True
gen2k26ver1;makes-womens-bicycle.net;1;0.999979;True
gen2k26ver1;enim-worker-vice.ai;0;0.001367;False
gen2k26ver1;payday-feels-syria.org;1;0.999978;True
gen2k26ver1;sharp-pumps-guardian.ai;1;0.507629;True
gen2k26ver1;fibre-without-mixing.inter;1;0.999967;True
gen2k26ver1;verbis-locale-infinite.org;0;0.000131;False
gen2k26ver1;hebrew-escaping-arrive.ai;1;0.999979;True
gen2k26ver1;topless-msie-poison.ai;1;0.989830;True
gen2k26ver1;sector-mood-futures.net;1;0.999831;True
gen2k26ver1;madelina-same-king.inter;1;0.999908;True
gen2k26ver1;planner-surely-area.org;1;0.999979;True
gen2k26ver1;meters-vampire-losing.org;1;0.993150;True
gen2k26ver1;talem-domains-techno.org;0;0.000411;False
gen2k26ver1;nick-tired-recent.org;1;0.999979;True
gen2k26ver1;iure-liable-tail.org;1;0.999967;True
gen2k26ver1;winning-lowest-seek.inter;1;0.999978;True
gen2k26ver1;cost-opens-grove.inter;1;0.999979;True
gen2k26ver1;cuba-costumes-cause.com;1;0.999972;True
gen2k26ver1;develop-domains-treasury.inter;1;0.999920;True
gen2k26ver1;excuse-serve-olim.inter;1;0.999979;True
gen2k26ver2;mesitae-untrod-bixa.inter;0;0.000024;False
gen2k26ver2;brevetcy-bispore-roid.inter;0;0.000025;False
gen2k26ver2;ibididae-unhalsed-unction.org;0;0.000068;False
gen2k26ver2;foil-rotated-lampong.ai;0;0.000030;False
gen2k26ver2;croakily-arioi-sweeny.ai;0;0.000024;False
gen2k26ver2;ciliary-sarlyk-grasping.com;0;0.000149;False
gen2k26ver2;feckly-upbubble-ailette.com;0;0.000029;False
gen2k26ver2;replant-roloway-sailor.net;0;0.001305;False
gen2k26ver2;soapily-allabuta-undesign.org;0;0.000180;False
gen2k26ver2;jumbuck-unseat-dime.ai;0;0.000025;False
gen2k26ver2;bemuddle-pelias-hevea.com;0;0.000026;False
gen2k26ver2;suliote-mesial-visionic.inter;0;0.000025;False
gen2k26ver2;icon-towline-toellite.com;0;0.000180;False
gen2k26ver2;bruting-mordella-romanly.ai;0;0.000025;False
gen2k26ver2;alibi-tabidly-daggly.ai;0;0.000025;False
gen2k26ver2;arienzo-spaver-meter.inter;0;0.000024;False
gen2k26ver2;pennated-argonaut-poser.ai;0;0.000026;False
gen2k26ver2;unjoking-exrupeal-blaze.org;0;0.000386;False
gen2k26ver2;waiter-leukotic-beanbags.inter;0;0.000027;False
gen2k26ver2;command-dispermy-pram.org;0;0.000503;False
gen2k26ver2;aquatone-wiper-nonpress.net;0;0.000161;False
gen2k26ver2;shote-nema-unbelied.com;0;0.000043;False
gen2k26ver2;gunhouse-mendee-stengah.org;0;0.000033;False
gen2k26ver2;fronted-darren-pecora.com;0;0.000030;False
gen2k26ver2;suscept-waxbush-calcite.org;0;0.000090;False
gen2k26ver2;sixhynde-collapse-quiche.org;0;0.000051;False
gen2k26ver2;append-pretardy-flatus.org;0;0.000269;False
gen2k26ver2;liny-annelid-bunty.inter;0;0.000024;False
gen2k26ver2;kakan-perk-warree.ai;0;0.000024;False
gen2k26ver2;alod-sang-rubelet.net;0;0.000077;False
gen2k26ver2;barksome-stanly-giftless.inter;0;0.000147;False
gen2k26ver2;cuailnge-butyryl-cluttery.com;0;0.000028;False
gen2k26ver2;howkit-tectal-zwitter.inter;0;0.000025;False
gen2k26ver2;fulgur-peplus-imperata.inter;0;0.000051;False
gen2k26ver2;motility-medial-eparchy.ai;0;0.000025;False
gen2k26ver2;nonane-agony-highest.org;0;0.012241;False
gen2k26ver2;relais-unhuman-encina.inter;0;0.000025;False
gen2k26ver2;pessimal-josh-bimeby.inter;0;0.000025;False
gen2k26ver2;lathee-unbay-ashiness.net;0;0.000029;False
gen2k26ver2;prolixly-softling-diogenic.net;0;0.000282;False
gen2k26ver2;mistitle-saguaro-thing.net;0;0.080647;False
gen2k26ver2;mongoyo-mohave-skelping.inter;0;0.000026;False
gen2k26ver2;heady-tudor-syndetic.net;0;0.000047;False
gen2k26ver2;suricate-bitten-ionist.com;0;0.000249;False
gen2k26ver2;glam-settler-dromic.inter;0;0.000025;False
gen2k26ver2;onerous-duress-crowl.inter;0;0.000043;False
gen2k26ver2;kitchen-bifront-tiberius.inter;0;0.000025;False
gen2k26ver2;melam-boletus-goldless.org;0;0.000111;False
gen2k26ver2;potgun-ablative-lunka.inter;0;0.000032;False
gen2k26ver2;strounge-hazeless-geet.net;0;0.000028;False
gen2k26ver2;faker-agrege-beode.org;0;0.000032;False
gen2k26ver2;trysting-athymic-abducent.ai;0;0.000025;False
gen2k26ver2;resuit-packable-crib.com;1;0.999978;True
gen2k26ver2;corambis-pantheum-sourish.org;0;0.000151;False
gen2k26ver2;volage-babeship-nummary.com;1;0.999806;True
gen2k26ver2;wheyey-calvary-moodily.com;0;0.000136;False
gen2k26ver2;spidered-beleaf-cibol.ai;0;0.000025;False
gen2k26ver2;facular-acrasida-serranus.ai;0;0.000025;False
gen2k26ver2;topaz-characin-unbench.ai;0;0.000025;False
gen2k26ver2;hackee-gnosis-frig.inter;0;0.000025;False
gen2k26ver2;haptic-leonid-petuntse.com;0;0.000038;False
gen2k26ver2;latron-leden-lonesome.inter;0;0.000073;False
gen2k26ver2;noseburn-pugman-joyleaf.com;0;0.000588;False
gen2k26ver2;dulosis-scurfer-synaxary.net;1;0.718989;True
gen2k26ver2;hurtless-pekan-racemic.ai;0;0.000025;False
gen2k26ver2;modify-paired-passkey.ai;0;0.002736;False
gen2k26ver2;ental-blade-patavian.net;0;0.000027;False
gen2k26ver2;pasterer-firca-avaunt.ai;0;0.000025;False
gen2k26ver2;foveola-vallary-hayraker.com;0;0.000025;False
gen2k26ver2;laciness-eyedrop-inject.ai;0;0.000026;False
gen2k26ver2;tourette-zamicrus-times.ai;0;0.000025;False
gen2k26ver2;upgrave-hypozoa-puffball.inter;0;0.000050;False
gen2k26ver2;mousse-tenthly-florinda.org;0;0.000194;False
gen2k26ver2;areology-koali-validly.ai;0;0.000027;False
gen2k26ver2;rupitic-snerp-whine.com;0;0.000104;False
gen2k26ver2;santapee-gona-wanter.inter;0;0.000026;False
gen2k26ver2;avar-devonian-sirius.net;0;0.001116;False
gen2k26ver2;koli-disbloom-acrania.net;0;0.000026;False
gen2k26ver2;rosewise-uplooker-nozzle.net;1;0.999979;True
gen2k26ver2;ihleite-pinfall-aphorize.org;0;0.000197;False
gen2k26ver2;amixia-sorbin-conarial.ai;0;0.000025;False
gen2k26ver2;indeedy-aloid-arboret.com;0;0.000036;False
gen2k26ver2;kriton-lymph-lockpin.net;0;0.000114;False
gen2k26ver2;apogamic-astrain-kuki.org;0;0.000025;False
gen2k26ver2;dormancy-storeman-malease.org;0;0.018405;False
gen2k26ver2;outsavor-preboast-redeem.com;1;0.999871;True
gen2k26ver2;acopic-caverned-snowfall.net;0;0.002981;False
gen2k26ver2;halakist-runman-pierrot.org;0;0.000034;False
gen2k26ver2;upbrace-pigsty-unvented.net;0;0.000127;False
gen2k26ver2;howling-carbamyl-cakey.com;0;0.000026;False
gen2k26ver2;sheepish-spermic-waspen.com;0;0.001207;False
gen2k26ver2;launcher-mixhill-patuxent.net;1;0.997199;True
gen2k26ver2;taphouse-jowari-hornerah.net;0;0.000249;False
gen2k26ver2;voeten-sheratan-longhead.inter;0;0.000026;False
gen2k26ver2;wonned-unhayed-bryce.ai;0;0.000025;False
gen2k26ver2;ambusher-wick-overhuge.inter;0;0.006004;False
gen2k26ver2;whimble-else-thankee.org;0;0.000985;False
gen2k26ver2;caup-xanthone-laugher.inter;0;0.000025;False
gen2k26ver2;unlame-bedded-babs.com;0;0.000026;False
gen2k26ver2;stemmed-longe-willock.inter;0;0.000107;False
gen2k26ver2;octofid-agnation-gargoyle.net;0;0.000089;False
gen2k26ver2;gainage-semen-nasality.net;1;0.999978;True
gen2k26ver2;sheard-milesima-enliven.org;0;0.000357;False
gen2k26ver2;cumene-curtal-geechee.inter;0;0.000033;False
gen2k26ver2;liable-unstuff-noria.ai;0;0.000036;False
gen2k26ver2;malus-lagen-lawnlike.com;0;0.000040;False
gen2k26ver2;entirety-astute-unsorry.org;0;0.096025;False
gen2k26ver2;nonlife-gaussage-cacao.com;0;0.000180;False
gen2k26ver2;pentyl-exomis-pompey.com;0;0.000125;False
gen2k26ver2;dabster-oban-natt.net;0;0.000025;False
gen2k26ver2;lemur-wattless-drupa.inter;0;0.000025;False
gen2k26ver2;thenar-zecchino-uraemic.net;0;0.000188;False
gen2k26ver2;dovelet-arctalia-could.inter;0;0.000213;False
gen2k26ver2;paphian-argenol-frondent.net;0;0.000025;False
gen2k26ver2;peelite-gnathal-macduff.net;0;0.000102;False
gen2k26ver2;pamela-fasces-prester.ai;0;0.000025;False
gen2k26ver2;kappa-repaste-overhusk.ai;0;0.000026;False
gen2k26ver2;semimill-stannate-cyclical.net;1;0.999978;True
gen2k26ver2;tzental-mulga-testril.org;0;0.000047;False
gen2k26ver2;markshot-scaffer-craisey.net;0;0.035145;False
gen2k26ver2;reboulia-tabut-ramrod.com;0;0.000102;False
gen2k26ver2;stannery-poncirus-opaled.ai;0;0.000025;False
gen2k26ver2;dodgy-alani-vocal.inter;0;0.000026;False
gen2k26ver2;armozeen-tokened-gundi.net;0;0.000098;False
gen2k26ver2;kiowan-petalia-edema.org;0;0.000025;False
gen2k26ver2;ducula-benzyl-additory.com;0;0.000066;False
gen2k26ver2;rabbiter-fusional-unsappy.org;0;0.014392;False
gen2k26ver2;fibered-brassart-akinesic.net;0;0.000136;False
gen2k26ver2;shuffle-anotto-parabema.inter;0;0.000035;False
gen2k26ver2;purine-outheart-soum.inter;0;0.000068;False
gen2k26ver2;scazon-puree-semiball.ai;0;0.000026;False
gen2k26ver2;cellarer-whaly-stench.com;0;0.000028;False
gen2k26ver2;beginger-aplastic-unhairy.inter;0;0.000025;False
gen2k26ver2;dreamery-nativist-profit.org;0;0.000034;False
gen2k26ver2;daggers-bactrian-craunch.inter;0;0.000025;False
gen2k26ver2;anilic-isodomic-neuter.net;0;0.044019;False
gen2k26ver2;asquare-bibber-coracler.inter;0;0.000024;False
gen2k26ver2;sacope-diascopy-blesser.org;0;0.005469;False
gen2k26ver2;whein-rial-krypton.inter;0;0.000025;False
gen2k26ver2;phytonic-limbus-isograph.com;0;0.000060;False
gen2k26ver2;idotea-hyoideal-espundia.inter;0;0.000025;False
gen2k26ver2;regulize-bawd-rove.inter;0;0.000027;False
gen2k26ver2;adhamant-manioc-wiggy.inter;0;0.000024;False
gen2k26ver2;herbwife-litation-mysidae.net;0;0.000114;False
gen2k26ver2;unaimed-propago-teutonic.inter;0;0.000030;False
gen2k26ver2;seraglio-lich-bemuddy.org;0;0.000099;False
gen2k26ver2;excedent-urheen-gourdy.net;0;0.000040;False
gen2k26ver2;eyestalk-habnab-untorn.inter;0;0.000392;False
gen2k26ver2;incitive-axofugal-hoofs.inter;0;0.000034;False
gen2k26ver2;lobcock-gunong-mahar.com;0;0.000026;False
gen2k26ver2;exilarch-grimly-unlay.ai;0;0.000025;False
gen2k26ver2;tigrean-scutulum-minar.ai;0;0.000025;False
gen2k26ver2;ritling-ectozoic-octuplet.org;0;0.000147;False
gen2k26ver2;sertulum-sudanese-paeonic.com;0;0.000310;False
gen2k26ver2;coati-theah-brava.org;0;0.000028;False
gen2k26ver2;stefan-setout-shotten.org;0;0.000626;False
gen2k26ver2;fumer-prevue-myrrhol.net;0;0.000025;False
gen2k26ver2;pavonian-begash-aftonian.com;0;0.000325;False
gen2k26ver2;poultice-coroner-cabriole.inter;0;0.000025;False
gen2k26ver2;dingbat-waisted-goonie.inter;0;0.000029;False
gen2k26ver2;egence-ashet-gateward.org;0;0.000174;False
gen2k26ver2;uptower-haveage-turmit.inter;1;0.999809;True
gen2k26ver2;horizon-ascorbic-decrepit.com;0;0.003004;False
gen2k26ver2;plautus-informal-relief.net;0;0.000166;False
gen2k26ver2;unified-trepid-unhomely.inter;0;0.000025;False
gen2k26ver2;assishly-lilywort-torreya.org;0;0.000064;False
gen2k26ver2;falconry-roomer-tempo.net;0;0.000242;False
gen2k26ver2;tovaria-betinge-gaily.inter;0;0.000024;False
gen2k26ver2;nils-riksmaal-rauli.org;0;0.000025;False
gen2k26ver2;roodebok-almagra-trochili.org;0;0.000026;False
gen2k26ver2;ravelin-planury-avenin.org;0;0.000191;False
gen2k26ver2;frillily-untewed-gommelin.net;0;0.000210;False
gen2k26ver2;unstout-mediant-socratic.org;0;0.000068;False
gen2k26ver2;teguima-alogism-jota.com;0;0.000025;False
gen2k26ver2;camphane-begari-uncraven.inter;0;0.000025;False
gen2k26ver2;increep-limurite-seatwork.inter;0;0.000626;False
gen2k26ver2;dehgan-spud-helena.com;0;0.000099;False
gen2k26ver2;phulkari-flavin-pritch.com;0;0.000025;False
gen2k26ver2;rectoral-ruptile-adipsia.org;0;0.000025;False
gen2k26ver2;jermonal-cresset-epitrite.ai;0;0.000026;False
gen2k26ver2;biphase-triceria-corallet.ai;0;0.000025;False
gen2k26ver2;unslot-milliard-samnite.ai;0;0.000026;False
gen2k26ver2;soldi-aridge-uranitic.inter;0;0.001065;False
gen2k26ver2;hangar-gedackt-annelid.ai;0;0.000025;False
gen2k26ver2;stolenly-bagnio-desultor.inter;0;0.000025;False
gen2k26ver2;shipworm-access-haikai.net;1;0.991153;True
gen2k26ver2;sartor-doodle-rallier.com;0;0.000025;False
gen2k26ver2;sacrum-critic-chytroi.com;0;0.000080;False
gen2k26ver2;coral-shrivel-remeant.ai;0;0.000111;False
gen2k26ver2;precious-hanna-hallel.inter;0;0.000136;False
gen2k26ver2;knap-fatidic-copastor.ai;0;0.000025;False
gen2k26ver2;deluder-spoucher-exegeses.inter;0;0.000026;False
gen2k26ver2;lucy-valsoid-tabbarea.org;0;0.000048;False
gen2k26ver2;microzoa-notional-hack.net;0;0.000357;False
gen2k26ver2;whey-breadman-sacking.ai;0;0.000083;False
gen2k26ver2;flincher-daunter-unstick.net;0;0.000269;False
gen2k26ver2;owrehip-grayfly-substant.org;0;0.000151;False
gen2k26ver2;aceship-ladik-taxman.inter;0;0.000025;False
gen2k26ver2;mintman-nickel-emersion.net;0;0.000120;False
gen2k26ver2;meece-rangler-tagilite.com;0;0.000028;False
gen2k26ver2;cestidae-aurochs-bivocal.ai;0;0.000025;False
gen2k26ver2;unknew-flaggily-viga.com;0;0.000044;False
gen2k26ver2;peachick-mousmee-cusso.com;0;0.000041;False
gen2k26ver2;inward-oestrid-rejector.ai;0;0.000027;False
gen2k26ver2;premourn-smile-myatonia.com;0;0.000174;False
gen2k26ver2;rheadine-hypogean-scads.net;0;0.000075;False
gen2k26ver2;lateen-dicrotic-acanth.ai;0;0.000025;False
gen2k26ver2;pussytoe-hoddle-aweek.inter;0;0.000025;False
gen2k26ver2;repugner-timothy-yetapa.com;0;0.000207;False
gen2k26ver2;perform-asearch-cropshin.com;1;0.999979;True
gen2k26ver2;faintful-overfear-grabber.org;0;0.000269;False
gen2k26ver2;beata-boned-karel.com;0;0.000025;False
gen2k26ver2;oldness-dapico-maclurea.ai;0;0.000026;False
gen2k26ver2;ruesome-forcer-cancan.com;0;0.000136;False
gen2k26ver2;phossy-pycnotic-filace.ai;0;0.000024;False
gen2k26ver2;feltwort-bhutia-vina.ai;0;0.000025;False
gen2k26ver2;ontarian-afshah-sherpa.net;0;0.000030;False
gen2k26ver2;paulian-bungle-antiflux.ai;0;0.000025;False
gen2k26ver2;eave-moiling-railman.com;0;0.000088;False
gen2k26ver2;ceratium-homy-ratcher.inter;0;0.000024;False
gen2k26ver2;hider-saiga-amuck.inter;0;0.000024;False
gen2k26ver2;indian-agedly-overegg.net;0;0.000282;False
gen2k26ver2;inarch-sillyism-fishman.org;1;0.514217;True
gen2k26ver2;snorty-tight-larriman.com;0;0.000451;False
gen2k26ver2;outsole-vail-aircrew.net;1;0.999979;True
gen2k26ver2;logology-djerib-atreptic.com;0;0.000051;False
gen2k26ver2;deriver-thrinter-leasow.net;1;0.999978;True
gen2k26ver2;conamed-subrule-sphexide.org;0;0.004610;False
gen2k26ver2;terutero-becram-spunkily.inter;0;0.000026;False
gen2k26ver2;muncher-cordon-landward.inter;0;0.000027;False
gen2k26ver2;upbar-avitic-germanic.org;0;0.000073;False
gen2k26ver2;briny-chayroot-kongo.org;0;0.000025;False
gen2k26ver2;rabiform-whole-drona.net;0;0.073963;False
gen2k26ver2;droud-cuneatic-quaedam.com;0;0.001048;False
gen2k26ver2;unturbid-evelong-papyri.inter;0;0.000026;False
gen2k26ver2;pairment-trombe-chauchat.org;0;0.000121;False
gen2k26ver2;capsula-bend-moriori.org;0;0.000177;False
gen2k26ver2;apathus-flavour-meros.org;0;0.000025;False
gen2k26ver2;jagath-frigoric-gatepost.com;0;0.000036;False
gen2k26ver2;tutela-reannoy-sake.net;0;0.000626;False
gen2k26ver2;thwartly-geechee-vesuvian.ai;0;0.000025;False
gen2k26ver2;blinder-neutron-antipyic.org;0;0.000194;False
gen2k26ver2;strave-manis-ondine.ai;0;0.000025;False
gen2k26ver2;pivoter-digenous-hastener.inter;0;0.000025;False
gen2k26ver2;ticket-rigorism-lapland.ai;0;0.000075;False
gen2k26ver2;clio-outfable-bonzer.net;0;0.000025;False
gen2k26ver2;graeme-hysteria-pindaric.inter;0;0.000024;False
gen2k26ver2;knag-spiel-valved.com;0;0.000025;False
gen2k26ver2;polyarch-juggler-decipium.net;0;0.000047;False
gen2k26ver2;than-tintist-tiersman.ai;0;0.000030;False
gen2k26ver2;aerogel-zarp-vimen.org;0;0.000026;False
gen2k26ver2;tuna-rhizine-unmortal.inter;0;0.000025;False
gen2k26ver2;silklike-opacify-duomachy.com;1;0.523664;True
gen2k26ver2;yesso-cytode-sicklied.inter;0;0.000667;False
gen2k26ver2;vesper-obtect-telfer.com;0;0.000028;False
gen2k26ver2;giantize-defluous-refall.net;1;0.999654;True
gen2k26ver2;zoosis-pyrgom-empathic.inter;0;0.000026;False
gen2k26ver2;arbalo-hawkbill-clow.com;0;0.065128;False
gen2k26ver2;motion-gemuti-watching.inter;0;0.000207;False
gen2k26ver2;unepic-viminal-vicilin.com;0;0.000174;False
gen2k26ver2;aphemic-chelate-killwort.inter;0;0.000026;False
gen2k26ver2;amidic-eclectic-prawner.org;0;0.000026;False
gen2k26ver2;betwine-atta-feloid.inter;0;0.000047;False
gen2k26ver2;retier-kayo-metazoan.inter;0;0.000025;False
gen2k26ver2;kermanji-fraud-moldable.org;0;0.000027;False
gen2k26ver2;unsour-druxy-fusuma.net;0;0.005686;False
gen2k26ver2;wongshy-samaroid-privity.inter;0;0.000025;False
gen2k26ver2;chakram-enkidu-cyclopy.net;0;0.000048;False
gen2k26ver2;lavabo-limeless-greenhew.org;0;0.000051;False
gen2k26ver2;abilo-colleter-subplant.com;0;0.000026;False
gen2k26ver2;jackboy-saran-immarble.inter;0;0.000066;False
gen2k26ver2;wainful-clue-yodel.ai;0;0.000026;False
gen2k26ver2;detoxify-nacelle-shaigia.org;0;0.000025;False
gen2k26ver2;boletus-turma-potted.ai;0;0.000024;False
gen2k26ver2;drusy-alfur-variance.inter;0;0.000048;False
gen2k26ver2;sizzard-casebook-breakage.com;1;0.999412;True
gen2k26ver2;rachis-ruswut-bollworm.org;0;0.000040;False
gen2k26ver2;magsman-horsedom-precopy.inter;0;0.000767;False
gen2k26ver2;kuchen-unfrosty-giustina.ai;0;0.000025;False
gen2k26ver2;calandra-cute-fiddle.org;0;0.001264;False
gen2k26ver2;iberic-thurnia-hematein.net;0;0.000242;False
gen2k26ver2;overwade-maro-sludgy.net;0;0.000133;False
gen2k26ver2;careless-discern-nottoway.org;0;0.000710;False
gen2k26ver2;sarsar-baseness-sharpish.inter;1;0.999972;True
gen2k26ver2;brain-nathless-fragment.inter;0;0.000234;False
gen2k26ver2;tunnor-socker-manatee.net;0;0.000166;False
gen2k26ver2;merlon-sulides-scrutate.org;0;0.000027;False
gen2k26ver2;undim-unlead-dulcify.ai;0;0.000025;False
gen2k26ver2;strength-reattach-eciliate.inter;0;0.000151;False
gen2k26ver2;scherzo-euhedral-rapier.net;0;0.000025;False
gen2k26ver2;conicine-spionid-patagial.com;0;0.000080;False
gen2k26ver2;drumloid-giftless-lacunal.net;1;0.999901;True
gen2k26ver2;sapid-roscid-cyclical.com;0;0.000111;False
gen2k26ver2;srikanth-acidoid-mutule.com;0;0.000027;False
gen2k26ver2;recurrer-mesabite-predusk.net;0;0.002217;False
gen2k26ver2;vinny-ergotist-missment.ai;0;0.000034;False
gen2k26ver2;scallop-stomate-tanglad.net;0;0.000588;False
gen2k26ver2;deltoid-porrima-polyemia.com;0;0.000025;False
gen2k26ver2;anguiped-zendic-vitamin.org;0;0.000131;False
gen2k26ver2;quirinal-embronze-gambler.net;0;0.000025;False
gen2k26ver2;cantina-halsfang-velal.net;0;0.000041;False
gen2k26ver2;pipeless-scrapy-sella.inter;0;0.042563;False
gen2k26ver2;della-septi-barnard.com;0;0.000131;False
gen2k26ver2;bebathe-sammer-nameless.net;0;0.010091;False
gen2k26ver2;vitrean-sanative-olefin.net;0;0.000166;False
gen2k26ver2;didna-woning-loanword.org;0;0.000089;False
gen2k26ver2;caller-dreamful-flaglet.com;0;0.001455;False
gen2k26ver2;gauntlet-paresis-overleaf.com;0;0.000194;False
gen2k26ver2;trank-syntony-mobula.org;0;0.004755;False
gen2k26ver2;rashing-germal-gorger.org;0;0.000027;False
gen2k26ver2;overwalk-pial-slatted.net;0;0.032837;False
gen2k26ver2;waking-gehenna-napalm.inter;0;0.000034;False
gen2k26ver2;deform-debruise-winer.com;0;0.000755;False
gen2k26ver2;inserter-oxystome-siluroid.ai;0;0.000025;False
gen2k26ver2;lawproof-ruth-batetela.com;0;0.049222;False
gen2k26ver2;overheat-masterer-ariot.org;0;0.002397;False
gen2k26ver2;aftmost-hairy-circa.com;0;0.002694;False
gen2k26ver2;bernese-conic-nebel.ai;0;0.000025;False
gen2k26ver2;saintly-paltrily-rubedity.inter;1;0.994940;True
gen2k26ver2;faba-stern-guising.com;0;0.000044;False
gen2k26ver2;anent-extorter-playday.inter;0;0.000025;False
gen2k26ver2;cahill-swooned-reincite.inter;0;0.000089;False
gen2k26ver2;adonic-baniya-baselike.ai;0;0.000026;False
gen2k26ver2;bridoon-bulleted-rutuli.com;0;0.000028;False
gen2k26ver2;clawer-walapai-crotonic.net;0;0.000027;False
gen2k26ver2;whangam-beant-paxillus.net;1;0.999374;True
gen2k26ver2;hobber-tape-afetal.ai;0;0.000024;False
gen2k26ver2;mommet-untasted-begloom.com;0;0.000112;False
gen2k26ver2;duffing-wastrife-ameen.org;0;0.000033;False
gen2k26ver2;puistie-uncock-stricker.net;0;0.000121;False
gen2k26ver2;charer-blaw-speltoid.org;0;0.000027;False
gen2k26ver2;linty-anaclete-bongo.net;0;0.000027;False
gen2k26ver2;bulling-sima-seedage.inter;0;0.000025;False
gen2k26ver2;jurist-momotus-alco.ai;0;0.000025;False
gen2k26ver2;shammish-unugly-keener.inter;0;0.000062;False
gen2k26ver2;sulfion-larrup-camused.inter;0;0.000721;False
gen2k26ver2;prefab-jonque-yeraver.org;0;0.000085;False
gen2k26ver2;hostship-joceline-hornpipe.inter;0;0.001755;False
gen2k26ver2;garcinia-timbal-safety.org;0;0.000028;False
gen2k26ver2;unrailed-trapball-stage.inter;1;0.999904;True
gen2k26ver2;roborant-linkboy-peguan.net;0;0.000028;False
gen2k26ver2;assagai-stiletto-xerophil.inter;0;0.000025;False
gen2k26ver2;exceeder-hasher-timeous.inter;0;0.000755;False
gen2k26ver2;outvigil-denticle-djerib.com;0;0.000120;False
gen2k26ver2;unfought-vire-ponderal.ai;0;0.000025;False
gen2k26ver2;ascones-bladed-wonderer.net;0;0.000036;False
gen2k26ver2;reach-slimer-unsicker.com;1;0.999974;True
gen2k26ver2;safener-scyphae-tonally.com;0;0.000025;False
gen2k26ver2;corbeil-malarkey-manas.org;0;0.000030;False
gen2k26ver2;venetian-delubrum-rescript.org;0;0.000121;False
gen2k26ver2;thane-napoo-hasher.com;0;0.000089;False
gen2k26ver2;algebra-zonurus-joebush.com;0;0.000025;False
gen2k26ver2;coving-uirina-vitis.inter;0;0.000025;False
gen2k26ver2;yeomanry-tajik-foregame.net;0;0.000025;False
gen2k26ver2;nepouite-interrun-quab.ai;0;0.000025;False
gen2k26ver2;orthitic-skip-dragade.ai;0;0.000026;False
gen2k26ver2;truly-pishu-bandog.ai;0;0.000085;False
gen2k26ver2;taise-traction-thilly.ai;0;0.000066;False
gen2k26ver2;dubash-organoid-ossified.inter;0;0.000060;False
gen2k26ver2;prunase-atremble-frot.inter;0;0.000158;False
gen2k26ver2;payeny-tragical-unrooted.ai;0;0.000066;False
gen2k26ver2;schedar-henbit-adenose.com;0;0.000291;False
gen2k26ver2;hester-neogene-havel.org;0;0.000066;False
gen2k26ver2;unceded-buirdly-nashira.ai;0;0.000025;False
gen2k26ver2;kinase-subchela-utile.inter;0;0.000151;False
gen2k26ver2;anopla-lurdan-uparm.inter;0;0.000025;False
gen2k26ver2;sheeter-unbeast-termitid.net;0;0.000151;False
gen2k26ver2;kodaker-mains-casavi.org;0;0.000068;False
gen2k26ver2;plangent-fidge-woodcock.ai;0;0.000025;False
gen2k26ver2;venue-tadousac-pricks.net;0;0.000125;False
gen2k26ver2;postally-erectly-ascella.net;0;0.004399;False
gen2k26ver2;seemer-eurus-limeade.ai;0;0.000043;False
gen2k26ver2;plunger-rebasis-dourly.org;0;0.000073;False
gen2k26ver2;muncheel-solen-kemp.com;0;0.000032;False
gen2k26ver2;cheapen-darling-tanager.org;0;0.000025;False
gen2k26ver2;acting-bountied-amoebaea.net;0;0.000127;False
gen2k26ver2;sproat-ensuant-sanche.com;0;0.000131;False
gen2k26ver2;accloy-immunist-savery.com;0;0.000053;False
gen2k26ver2;atlas-rambutan-tamachek.com;0;0.000025;False
gen2k26ver2;fuchsia-sanctum-misform.org;0;0.000098;False
gen2k26ver2;evilly-sleeky-unction.com;0;0.000025;False
gen2k26ver2;croceous-axoidean-weekwam.org;0;0.006539;False
gen2k26ver2;doegling-vivify-thalia.org;0;0.000028;False
gen2k26ver2;isiacal-drammock-chiliad.com;0;0.000029;False
gen2k26ver2;rethank-bundle-sprink.org;0;0.002083;False
gen2k26ver2;valeta-acceptor-tonga.net;0;0.000026;False
gen2k26ver2;cachemia-shuler-grapsoid.net;0;0.000041;False
gen2k26ver2;trophal-bleed-punch.ai;0;0.000024;False
gen2k26ver2;frore-regrater-schiller.inter;0;0.000025;False
gen2k26ver2;condylar-pride-overwin.org;1;0.983470;True
gen2k26ver2;demagog-panyar-unsolved.inter;0;0.000985;False
gen2k26ver2;filmize-bichir-sideslip.net;0;0.496582;False
gen2k26ver2;teagle-cheve-leto.ai;0;0.000025;False
gen2k26ver2;lupuline-patesi-uncouth.inter;0;0.000025;False
gen2k26ver2;podder-dustless-haemony.com;0;0.000028;False
gen2k26ver2;rotproof-costard-dusack.inter;0;0.000182;False
gen2k26ver2;abilla-crassier-overwelt.inter;0;0.000025;False
gen2k26ver2;anele-bobby-sematic.inter;0;0.000107;False
gen2k26ver2;taissle-louvre-gameful.org;0;0.000062;False
gen2k26ver2;gaonate-barbette-acrotic.inter;0;0.000027;False
gen2k26ver2;spangle-boreal-humeral.ai;0;0.000025;False
gen2k26ver2;crimeful-fulvid-amber.net;0;0.000163;False
gen2k26ver2;garbell-ungilt-repray.org;0;0.000029;False
gen2k26ver2;nooklike-leafed-opacify.net;0;0.002360;False
gen2k26ver2;gumpus-stuboy-staio.net;0;0.000025;False
gen2k26ver2;anta-leat-grailing.ai;0;0.000024;False
gen2k26ver2;easeful-bembex-frumpish.inter;0;0.000127;False
gen2k26ver2;belady-uncloud-trifa.inter;0;0.000025;False
gen2k26ver2;numbles-oddish-aribine.net;0;0.002434;False
gen2k26ver2;bebang-outshine-tubulure.net;0;0.004007;False
gen2k26ver2;ataxy-coul-aplanat.com;0;0.000025;False
gen2k26ver2;poutful-chol-lancelet.inter;0;0.000026;False
gen2k26ver2;unsombre-dogtail-unwept.org;0;0.000048;False
gen2k26ver2;placeman-naturism-turcoman.org;0;0.000058;False
gen2k26ver2;anode-pricky-pinal.inter;0;0.000066;False
gen2k26ver2;yautia-arolium-assish.org;0;0.000075;False
gen2k26ver2;vimful-xyloside-vela.inter;0;0.001727;False
gen2k26ver2;iodol-slidder-cattle.com;0;0.000040;False
gen2k26ver2;resist-fergus-cerberus.net;0;0.000058;False
gen2k26ver2;isochlor-quintal-tottery.ai;0;0.000025;False
gen2k26ver2;poetize-ungulate-bebang.org;0;0.000210;False
gen2k26ver2;alienor-kalian-indexing.org;0;0.000026;False
gen2k26ver2;volitate-guttie-plumular.net;0;0.000043;False
gen2k26ver2;carney-outcry-cookery.com;0;0.000149;False
gen2k26ver2;byronism-tweedy-albyn.inter;0;0.000028;False
gen2k26ver2;croomia-ladakin-lordkin.com;0;0.000032;False
gen2k26ver2;hoarness-unroved-aviation.ai;0;0.000025;False
gen2k26ver2;beknown-oxidator-fellen.org;0;0.000363;False
gen2k26ver2;unbought-meriter-hivite.inter;0;0.001755;False
gen2k26ver2;korari-youthful-dickey.inter;0;0.000026;False
gen2k26ver2;mesilla-latiner-bidri.inter;0;0.000025;False
gen2k26ver2;daidle-pink-conoidic.org;0;0.000028;False
gen2k26ver2;truller-unwarp-kenyte.com;0;0.000040;False
gen2k26ver2;caftaned-gaviae-trifling.ai;0;0.000025;False
gen2k26ver2;mahonia-pililloo-pearlite.org;0;0.000026;False
gen2k26ver2;dratted-folkland-elegize.com;0;0.000098;False
gen2k26ver2;brodder-achmetha-kobu.com;0;0.000025;False
gen2k26ver2;retinker-custom-darkful.ai;0;0.000025;False
gen2k26ver2;dyadic-panurgic-dive.ai;0;0.000025;False
gen2k26ver2;donatory-reveneer-bucket.inter;0;0.000025;False
gen2k26ver2;deist-endura-japyx.ai;0;0.000025;False
gen2k26ver2;embolium-bradshaw-truckful.org;0;0.000089;False
gen2k26ver2;hanger-coendear-catfaced.inter;0;0.085709;False
gen2k26ver2;ungabled-tarapon-cohosh.inter;0;0.000024;False
gen2k26ver2;scads-exegesis-cabasset.org;0;0.000039;False
gen2k26ver2;papago-veronese-licensee.com;0;0.000231;False
gen2k26ver2;austere-hamald-epoch.inter;0;0.000024;False
gen2k26ver2;bioral-colpeo-aduncous.inter;0;0.000025;False
gen2k26ver2;dooley-healder-neology.ai;0;0.000048;False
gen2k26ver2;urethra-redebit-earthian.com;0;0.000207;False
gen2k26ver2;brattach-unpurely-colorate.com;1;0.999823;True
gen2k26ver2;amok-brahmani-estonian.ai;0;0.000025;False
gen2k26ver2;chuckrum-almous-trueborn.org;0;0.000151;False
gen2k26ver2;cube-nonagon-naga.ai;0;0.000086;False
gen2k26ver2;poncirus-bagel-bannut.ai;0;0.000025;False
gen2k26ver2;balawa-gyronny-kokoona.net;0;0.000029;False
gen2k26ver2;czarevna-dubious-mulga.net;0;0.000096;False
gen2k26ver2;gunny-unvoiced-porite.com;0;0.000025;False
gen2k26ver2;futurity-sprucely-dabble.com;0;0.000154;False
gen2k26ver2;abelite-mazily-unplated.ai;0;0.000028;False
gen2k26ver2;laet-ruller-glissade.net;0;0.000034;False
gen2k26ver2;butenyl-brainer-shadowed.ai;0;0.000025;False
gen2k26ver2;satanist-soudagur-spyism.com;0;0.000028;False
gen2k26ver2;tonish-internee-bromite.ai;0;0.000045;False
gen2k26ver2;lakelet-pence-peavy.com;0;0.000136;False
gen2k26ver2;corporal-stance-ghilzai.org;0;0.000089;False
gen2k26ver2;panicful-odium-untithed.org;0;0.475453;False
gen2k26ver2;exrupeal-nipter-stot.inter;0;0.000025;False
gen2k26ver2;chayote-thill-beinked.org;0;0.000112;False
gen2k26ver2;reft-outwish-tenthly.org;0;0.040541;False
gen2k26ver2;outrave-amorphy-furied.inter;0;0.000026;False
gen2k26ver2;ataxia-parse-louch.com;0;0.000144;False
gen2k26ver2;exundate-dearness-credence.ai;0;0.000035;False
gen2k26ver2;meltage-adar-telling.com;1;0.999871;True
gen2k26ver2;subfocal-saccular-koromiko.inter;0;0.000026;False
gen2k26ver2;unstaved-rancel-infall.com;0;0.000133;False
gen2k26ver2;comedian-stright-citadel.inter;0;0.000025;False
gen2k26ver2;talmud-uncolt-tubeless.org;0;0.000099;False
gen2k26ver2;busywork-okee-unmaster.inter;0;0.000265;False
gen2k26ver2;flaser-hitless-bugre.net;1;0.997264;True
gen2k26ver2;baloghia-tonetics-talpoid.ai;0;0.000025;False
gen2k26ver2;sitkan-waxbush-martu.org;0;0.000161;False
gen2k26ver2;unslept-cometary-sweetish.inter;0;0.004007;False
gen2k26ver2;fiddley-addable-ungnaw.net;0;0.000111;False
gen2k26ver2;lobar-synaxar-isotome.inter;0;0.000025;False
gen2k26ver2;zuisin-toufic-cunette.inter;0;0.000026;False
gen2k26ver2;denegate-light-coauthor.net;1;0.999170;True
gen2k26ver2;wallwort-roddin-estrone.inter;0;0.000025;False
gen2k26ver2;rebuff-anophyte-eustyle.org;0;0.000213;False
gen2k26ver2;ligable-quartan-sulfacid.org;0;0.000031;False
gen2k26ver2;ungassed-zolle-homelily.ai;0;0.000025;False
gen2k26ver2;enclitic-snubby-ninja.org;0;0.000025;False
gen2k26ver2;carlie-gyratory-frisette.org;0;0.000026;False
gen2k26ver2;sordor-zebra-catlike.com;0;0.000047;False
gen2k26ver2;concolor-zabeta-casebook.ai;0;0.000025;False
gen2k26ver2;frazer-ithagine-leucon.inter;0;0.000024;False
gen2k26ver2;hiver-stradiot-scuddick.inter;0;0.000025;False
gen2k26ver2;suttle-capellet-dodrans.ai;0;0.000025;False
gen2k26ver2;cantic-marrot-lecithin.net;0;0.000147;False
gen2k26ver2;woodfish-ventrad-benthal.net;0;0.000207;False
